,Phi_Fixed,Phi_Free,eta_Fixed,eta_Free,ϝ_Axial_Frequency
Phi_Fixed,1.0,0.7070817910284956,-0.3322142996887431,-0.24973364898743705,0.725201649494932
Phi_Free,0.7070817910284956,1.0,-0.2327647557829505,-0.35318919558681267,0.7180396658473283
eta_Fixed,-0.3322142996887431,-0.2327647557829505,1.0,0.6590370223421455,-0.37036547325710795
eta_Free,-0.24973364898743705,-0.35318919558681267,0.6590370223421455,1.0,-0.27449278053776777
ϝ_Axial_Frequency,0.725201649494932,0.7180396658473283,-0.37036547325710795,-0.27449278053776777,1.0
