Model,R2,MAE,RMSE
GAM_Additive_Plus_Interactions,0.9584338581396117,188.81355486341334,289.3958002052572
GradientBoosting,0.9706317651113286,185.07552483780964,243.25472735341341
